{"cameraMode":{"drawMode":0,"name":"Shaded","section":"Shading Mode"},"sceneLighting":false,"audioPlay":false,"sceneViewState":{"m_AlwaysRefresh":false,"showFog":true,"showSkybox":false,"showFlares":true,"showImageEffects":true,"showParticleSystems":true,"showVisualEffectGraphs":true,"m_FxEnabled":true},"in2DMode":false,"pivot":{"x":545.828857421875,"y":2.640000104904175,"z":538.4813232421875},"rotation":{"x":0.0004600410466082394,"y":0.6752739548683167,"z":0.000045640350435860455,"w":0.7377457618713379},"size":1.2247449159622193,"orthographic":false}