{"cameraMode":{"drawMode":0,"name":"Shaded","section":"Shading Mode"},"sceneLighting":true,"audioPlay":false,"sceneViewState":{"m_AlwaysRefresh":false,"showFog":true,"showSkybox":true,"showFlares":true,"showImageEffects":true,"showParticleSystems":true,"showVisualEffectGraphs":true,"m_FxEnabled":true},"in2DMode":false,"pivot":{"x":597.5116577148438,"y":-26.562347412109376,"z":501.5679016113281},"rotation":{"x":0.14225825667381288,"y":0.6431863903999329,"z":-0.12322299927473068,"w":0.7424048781394959},"size":61.872310638427737,"orthographic":false}