{"cameraMode":{"drawMode":0,"name":"Shaded","section":"Shading Mode"},"sceneLighting":false,"audioPlay":false,"sceneViewState":{"m_AlwaysRefresh":false,"showFog":true,"showSkybox":false,"showFlares":true,"showImageEffects":true,"showParticleSystems":true,"showVisualEffectGraphs":true,"m_FxEnabled":true},"in2DMode":false,"pivot":{"x":1.506885051727295,"y":0.32626041769981387,"z":-1.5426790714263917},"rotation":{"x":0.019539961591362954,"y":0.7879785299301148,"z":-0.025095604360103608,"w":0.6149349212646484},"size":2.082153081893921,"orthographic":false}